,Rank,school_name,Payment Difference
117,1,Yale University,-95205
2024,2,Washington University in St Louis,-83955
2180,3,Stanford University,-75714
1714,4,University of Chicago,-57943
1035,5,Vanderbilt University,-56616
1772,6,Johns Hopkins University,-55079
446,7,Columbia University in the City of New York,-46053
432,8,CUNY Graduate School and University Center,-44074
1328,9,Massachusetts Institute of Technology,-37991
1112,10,Texas Tech University Health Sciences Center,-37618
956,11,Duke University,-36588
1890,12,Princeton University,-36271
1525,13,University of California-Los Angeles,-28451
746,14,Metro Technology Centers,-20718
942,15,SUNY Polytechnic Institute,-20049
684,16,Rice University,-19018
1329,17,Harvard University,-17493
1352,18,Wellesley College,-17431
1239,19,Emory University,-17360
1698,20,University of Hawaii at Manoa,-15287
1727,21,University of Illinois at Chicago,-14702
2174,22,Wisconsin Indianhead Technical College,-14513
1980,23,University of Pennsylvania,-14177
1716,24,Atlantic Technical College,-14067
857,25,Pomona College,-13876
1647,26,University of Colorado Denver/Anschutz Medical Campus,-13737
1839,27,CUNY City College,-13403
858,28,University of Southern California,-12901
933,29,University of North Carolina at Chapel Hill,-12895
2190,30,Lakeshore Technical College,-12863
1494,31,Stony Brook University,-12574
1354,32,Williams College,-12229
1874,33,SUNY College of Environmental Science and Forestry,-12167
2183,34,Gateway Technical College,-12131
1154,35,Blackhawk Technical College,-11913
2173,36,Waukesha County Technical College,-11889
2156,37,Milwaukee Area Technical College,-11812
620,38,Western Technical College,-11809
1784,39,Berea College,-11631
873,40,University of Connecticut,-11521
1207,41,University of Hawaii Maui College,-11422
1121,42,Madison Area Technical College,-11139
619,43,Fox Valley Technical College,-11093
535,44,Yeshiva University,-10937
797,45,University of Alaska Fairbanks,-10836
1862,46,CUNY Medgar Evers College,-10388
700,47,Brigham Young University-Hawaii,-10198
1225,48,Northwestern University,-10165
22,49,Texas State Technical College,-10149
1282,50,Baltimore City Community College,-10135
2200,51,Southwest Wisconsin Technical College,-10124
1144,52,University of Wyoming,-9980
819,53,University of California-Davis,-9954
2177,54,University of Puerto Rico-Rio Piedras,-9950
1206,55,Honolulu Community College,-9794
710,56,Hawaii Community College,-9739
963,57,Robeson Community College,-9673
433,58,CUNY Hostos Community College,-9489
622,59,Northeast Wisconsin Technical College,-9445
2124,60,Augusta University,-9406
1468,61,College of the Ozarks,-9328
611,62,Brigham Young University-Provo,-9096
1840,63,CUNY Bronx Community College,-9053
821,64,University of California-San Diego,-9035
170,65,Chicago State University,-8960
1579,66,University of Florida,-8892
1720,67,Windward Community College,-8820
1498,68,SUNY College at Potsdam,-8802
2171,69,Chippewa Valley Technical College,-8753
1717,70,University of Hawaii at Hilo,-8713
353,71,University at Buffalo,-8694
2195,72,Casper College,-8685
1508,73,University of Puerto Rico-Humacao,-8527
656,74,Northcentral Technical College,-8434
1868,75,Morrisville State College,-8260
864,76,College of Marin,-8252
560,77,Brunswick Community College,-8252
1440,78,Grinnell College,-8242
1835,79,CUNY John Jay College of Criminal Justice,-8192
1166,80,University of Puerto Rico-Mayaguez,-8001
459,81,Bard College,-7883
247,82,Northeast Iowa Community College,-7844
1409,83,CUNY York College,-7717
835,84,Dine College,-7634
385,85,SUNY College at Brockport,-7593
121,86,College of the Redwoods,-7568
1155,87,Moraine Park Technical College,-7536
730,88,Del Mar College,-7524
952,89,Elizabeth City State University,-7472
211,90,University of Alaska Southeast,-7463
2186,91,Mid-State Technical College,-7456
1119,92,University of Washington-Seattle Campus,-7450
1407,93,CUNY Lehman College,-7430
388,94,University of Rochester,-7377
1595,95,Northeastern Illinois University,-7360
72,96,City College of San Francisco,-7354
172,97,City Colleges of Chicago-Malcolm X College,-7329
56,98,University of Alabama at Birmingham,-7285
1923,99,Case Western Reserve University,-7250
1712,100,Eastern Illinois University,-7240
1726,101,Northwestern Connecticut Community College,-7207
1395,102,University of New Mexico-Main Campus,-7052
1417,103,Columbia-Greene Community College,-7026
274,104,Coppin State University,-7008
1392,105,Western Nebraska Community College,-6971
599,106,The University of Texas at Austin,-6925
1858,107,CUNY New York City College of Technology,-6912
1666,108,Capital Community College,-6892
2257,109,Copper Mountain Community College,-6840
1870,110,SUNY College of Technology at Alfred,-6838
951,111,Wilkes Community College,-6822
1374,112,University of Nevada-Reno,-6818
1064,113,Oglala Lakota College,-6783
1546,114,Barstow Community College,-6777
76,115,College of the Desert,-6731
1524,116,University of California-Irvine,-6721
100,117,Colorado Mountain College,-6708
1606,118,Hawkeye Community College,-6663
143,119,Mendocino College,-6636
1910,120,University of North Dakota,-6634
1150,121,Western Wyoming Community College,-6615
1454,122,Southern Illinois University-Carbondale,-6608
1084,123,College of the Mainland,-6594
271,124,Richland Community College,-6524
1660,125,Mission College,-6503
1188,126,City Colleges of Chicago-Kennedy-King College,-6499
558,127,Carteret Community College,-6487
176,128,Governors State University,-6481
1495,129,SUNY at Albany,-6469
1342,130,Chesapeake College,-6465
1859,131,CUNY Queensborough Community College,-6431
387,132,SUNY at Fredonia,-6415
133,133,College of the Siskiyous,-6394
841,134,Aims Community College,-6352
861,135,West Valley College,-6286
957,136,Haywood Community College,-6275
142,137,Asnuntuck Community College,-6272
1751,138,Roxbury Community College,-6259
416,139,Santa Fe Community College,-6243
1400,140,CUNY Borough of Manhattan Community College,-6243
1672,141,Los Angeles Southwest College,-6223
1286,142,Southeast Kentucky Community and Technical College,-6203
1732,143,University of Kansas,-6194
1869,144,SUNY College at Plattsburgh,-6177
1940,145,Western Piedmont Community College,-6170
1914,146,Winston-Salem State University,-6153
932,147,Bismarck State College,-6140
543,148,Lenoir Community College,-6088
381,149,SUNY Buffalo State,-6057
825,150,University of Arkansas at Pine Bluff,-6057
547,151,Dickinson State University,-6035
1114,152,Ogden-Weber Applied Technology College,-6032
342,153,Coahoma Community College,-6021
1836,154,CUNY Kingsborough Community College,-6011
908,155,San Jose City College,-6005
1860,156,CUNY LaGuardia Community College,-5985
1149,157,Northwest College,-5968
1414,158,San Juan College,-5962
544,159,Isothermal Community College,-5939
407,160,Tulsa Community College,-5917
2178,161,University of Puerto Rico-Arecibo,-5906
1516,162,Arkansas State University-Mountain Home,-5898
1837,163,CUNY Brooklyn College,-5872
1901,164,Caldwell Community College and Technical Institute,-5842
866,165,Los Angeles Trade Technical College,-5803
1872,166,SUNY College at Old Westbury,-5793
215,167,Central Arizona College,-5793
524,168,Umpqua Community College,-5776
844,169,Mt San Antonio College,-5759
2098,170,El Centro College,-5757
1941,171,Vance-Granville Community College,-5745
134,172,College of San Mateo,-5739
863,173,Taft College,-5729
854,174,Solano Community College,-5708
939,175,SUNY College of Technology at Delhi,-5707
1449,176,Washburn Institute of Technology,-5686
54,177,Cabrillo College,-5678
2040,178,Southwest Mississippi Community College,-5677
161,179,University of Hawaii-West Oahu,-5670
875,180,Howard University,-5653
1754,181,Berkshire Community College,-5652
1482,182,Central Community College,-5640
223,183,Northern Illinois University,-5625
171,184,Elgin Community College,-5620
1443,185,Seward County Community College,-5608
2041,186,Mississippi Delta Community College,-5597
357,187,North Carolina State University at Raleigh,-5595
898,188,Florida Agricultural and Mechanical University,-5573
1833,189,College of Staten Island CUNY,-5565
1853,190,New Mexico State University-Main Campus,-5562
1309,191,University of Maryland Eastern Shore,-5547
108,192,Chipola College,-5542
1867,193,SUNY College at Oswego,-5537
1509,194,University of Puerto Rico-Cayey,-5505
2179,195,University of Puerto Rico-Utuado,-5499
964,196,Rockingham Community College,-5497
2194,197,Laramie County Community College,-5495
1766,198,Alpena Community College,-5493
706,199,Brazosport College,-5488
1360,200,Meridian Community College,-5464
480,201,Oakton Community College,-5454
831,202,Feather River Community College District,-5417
2118,203,BridgeValley Community & Technical College,-5414
1572,204,Northland Pioneer College,-5411
2231,205,Renton Technical College,-5405
931,206,North Carolina Central University,-5403
906,207,Rio Hondo College,-5400
1350,208,Smith College,-5380
941,209,SUNY College at Geneseo,-5377
305,210,Pearl River Community College,-5371
112,211,Delaware State University,-5345
962,212,Southwestern Community College,-5343
1167,213,University of Puerto Rico-Aguadilla,-5333
1949,214,Cleveland Community College,-5330
177,215,City Colleges of Chicago-Olive-Harvey College,-5319
676,216,Washington and Lee University,-5303
887,217,Quinebaug Valley Community College,-5292
640,218,Yakima Valley College,-5273
1947,219,Beaufort County Community College,-5266
113,220,Gateway Community College,-5260
174,221,Highland Community College,-5255
132,222,Santa Rosa Junior College,-5232
1613,223,Southeastern Community College,-5224
1725,224,South Florida State College,-5220
1608,225,Iowa Lakes Community College,-5204
682,226,Odessa College,-5197
1204,227,Kapiolani Community College,-5186
940,228,SUNY College of Technology at Canton,-5176
1944,229,Mitchell Community College,-5170
1539,230,South Mountain Community College,-5168
351,231,Great Falls College Montana State University,-5163
1486,232,Hinds Community College,-5157
1813,233,Montcalm Community College,-5150
946,234,College of the Albemarle,-5139
460,235,Nassau Community College,-5137
1413,236,Corning Community College,-5112
546,237,North Dakota State College of Science,-5104
1551,238,Gadsden State Community College,-5096
94,239,South Arkansas Community College,-5095
813,240,Cerritos College,-5071
1266,241,Kansas City Kansas Community College,-5064
326,242,Great Basin College,-5052
1501,243,SUNY Maritime College,-5035
1365,244,Mississippi Valley State University,-5033
1161,245,Lake Washington Institute of Technology,-5032
1078,246,Texas A & M University-College Station,-5023
1515,247,York County Community College,-5015
1873,248,SUNY at Purchase College,-5014
1925,249,Guilford Technical Community College,-5013
1946,250,Central Carolina Community College,-5001
869,251,Los Medanos College,-4997
1317,252,Bay de Noc Community College,-4991
277,253,Central Maine Community College,-4990
438,254,Hudson Valley Community College,-4987
1854,255,Eastern New Mexico University-Roswell Campus,-4979
209,256,Bevill State Community College,-4969
1568,257,North Arkansas College,-4966
278,258,Eastern Maine Community College,-4965
1677,259,Pickens Technical College,-4955
1710,260,Three Rivers Community College,-4944
1497,261,SUNY Oneonta,-4936
131,262,Victor Valley College,-4935
1527,263,University of Alaska Anchorage,-4913
944,264,Central Piedmont Community College,-4912
542,265,Forsyth Technical Community College,-4906
843,266,Yuba College,-4905
203,267,Lawson State Community College-Birmingham Campus,-4900
1625,268,Shawnee Community College,-4899
1926,269,Fayetteville State University,-4886
948,270,Blue Ridge Community College,-4881
636,271,University of Puerto Rico-Carolina,-4869
1507,272,University of Puerto Rico-Bayamon,-4856
1917,273,Wayne Community College,-4847
236,274,Anne Arundel Community College,-4840
559,275,South Piedmont Community College,-4837
341,276,Minnesota State College Southeast,-4832
1558,277,Contra Costa College,-4832
961,278,Nash Community College,-4830
213,279,H Councill Trenholm State Community College,-4823
1884,280,New Mexico Junior College,-4818
938,281,SUNY Cortland,-4798
2085,282,East Tennessee State University,-4795
969,283,Rose State College,-4790
853,284,Southwestern College,-4786
216,285,Western Illinois University,-4781
386,286,SUNY College of Agriculture and Technology at Cobleskill,-4780
1567,287,National Park College,-4777
1270,288,Garden City Community College,-4767
834,289,Eastern Arizona College,-4757
794,290,Bishop State Community College,-4749
430,291,CUNY Queens College,-4746
1396,292,University of New Mexico-Gallup Campus,-4742
1791,293,Fort Scott Community College,-4742
793,294,Central Alabama Community College,-4740
2197,295,Guam Community College,-4733
540,296,Johnston Community College,-4722
645,297,Southern West Virginia Community and Technical College,-4714
1562,298,Chabot College,-4709
2135,299,Pierpont Community and Technical College,-4705
1559,300,Gavilan College,-4699
1061,301,Galveston College,-4696
315,302,Wayne County Community College District,-4690
1802,303,Big Sandy Community and Technical College,-4677
328,304,Truman State University,-4674
973,305,Oklahoma State University Institute of Technology,-4653
279,306,Kennebec Valley Community College,-4646
712,307,Southeastern Technical College,-4643
2099,308,Cedar Valley College,-4640
576,309,Roane State Community College,-4640
2015,310,Crowder College,-4622
77,311,Evergreen Valley College,-4614
3,312,Woodland Community College,-4610
954,313,Gaston College,-4606
1671,314,Los Angeles Mission College,-4606
1871,315,State University of New York at New Paltz,-4600
1469,316,Northeast Mississippi Community College,-4599
662,317,Kilgore College,-4577
1128,318,Spokane Community College,-4566
705,319,Texas A&M University-Texarkana,-4565
160,320,College of Southern Idaho,-4556
352,321,East Carolina University,-4550
1536,322,Arizona Western College,-4549
212,323,Lurleen B Wallace Community College,-4547
1589,324,Southern Illinois University-Edwardsville,-4540
2233,325,South Seattle College,-4537
1285,326,Cecil College,-4536
1361,327,Ridgewater College,-4532
845,328,Palomar College,-4523
549,329,Wilson Community College,-4510
655,330,Sheridan College,-4491
997,331,Eastern Oklahoma State College,-4487
888,332,Naugatuck Valley Community College,-4483
1633,333,Palo Verde College,-4482
1425,334,Rockland Community College,-4480
581,335,Swarthmore College,-4479
2149,336,St Philip's College,-4471
126,337,San Diego Miramar College,-4467
711,338,Las Positas College,-4464
1850,339,Rutgers University-New Brunswick,-4463
2095,340,Amarillo College,-4462
384,341,Farmingdale State College,-4455
1632,342,College of the Sequoias,-4453
839,343,Los Angeles City College,-4453
249,344,Hazard Community and Technical College,-4449
1251,345,Indian Hills Community College,-4444
1789,346,South Central Louisiana Technical College,-4441
1805,347,Henry Ford College,-4437
85,348,Hartnell College,-4428
2220,349,Mountain Empire Community College,-4427
361,350,Niagara County Community College,-4426
264,351,Kirtland Community College,-4425
1913,352,Minot State University,-4413
1291,353,Central Louisiana Technical Community College,-4411
1247,354,Kirkwood Community College,-4411
907,355,Santa Ana College,-4407
21,356,Southern Regional Technical College,-4405
63,357,Scottsdale Community College,-4398
1721,358,South Georgia Technical College,-4387
1357,359,University of Mississippi,-4386
2164,360,Highline College,-4386
1510,361,University of Puerto Rico-Ponce,-4384
1571,362,Alabama Southern Community College,-4376
1811,363,Monroe County Community College,-4376
905,364,San Diego City College,-4375
1745,365,Springfield Technical Community College,-4369
1624,366,South Suburban College,-4363
1311,367,Cape Cod Community College,-4362
1580,368,Indian River State College,-4351
826,369,Southeast Arkansas College,-4345
1158,370,Bluefield State College,-4340
2027,371,Southeast Community College Area,-4338
1297,372,Howard Community College,-4335
664,373,Midland College,-4331
747,374,California State University-Monterey Bay,-4328
881,375,Western Connecticut State University,-4326
817,376,Columbia College,-4310
1731,377,University of Louisville,-4300
1586,378,Indiana University-Purdue University-Indianapolis,-4293
2168,379,University of Wisconsin-Madison,-4280
554,380,Catawba Valley Community College,-4274
1566,381,Cerro Coso Community College,-4272
1942,382,Surry Community College,-4269
2079,383,Bryn Mawr College,-4266
1651,384,West Los Angeles College,-4254
1834,385,CUNY Hunter College,-4248
146,386,Lake Tahoe Community College,-4238
1094,387,Norfolk State University,-4231
1936,388,Randolph Community College,-4214
1896,389,SUNY Empire State College,-4212
1665,390,Housatonic Community College,-4212
1557,391,El Camino College-Compton Center,-4207
409,392,Navajo Technical University,-4203
1894,393,SUNY Westchester Community College,-4202
1265,394,University of Northern Iowa,-4192
557,395,Davidson County Community College,-4189
1735,396,Ashland Community and Technical College,-4188
1728,397,Lewis and Clark Community College,-4187
2148,398,McLennan Community College,-4183
1575,399,Oconee Fall Line Technical College,-4176
2019,400,Saint Louis Community College,-4172
293,401,Massachusetts College of Liberal Arts,-4162
2228,402,Walla Walla Community College,-4161
1900,403,Ulster County Community College,-4160
429,404,CUNY Bernard M Baruch College,-4157
186,405,College of Coastal Georgia,-4148
145,406,Porterville College,-4144
867,407,Merced College,-4113
1117,408,Big Bend Community College,-4112
1462,409,Anoka Technical College,-4111
304,410,Northwest Mississippi Community College,-4103
1450,411,University of Notre Dame,-4099
474,412,Maysville Community and Technical College,-4097
1421,413,Western New Mexico University,-4088
188,414,Sheridan Technical College,-4087
1906,415,Cuyahoga Community College District,-4083
1581,416,Gulf Coast State College,-4075
1133,417,Lower Columbia College,-4073
643,418,Wenatchee Valley College,-4069
205,419,George C Wallace State Community College-Selma,-4069
829,420,Glendale Community College,-4068
417,421,New Mexico Institute of Mining and Technology,-4061
1289,422,Gateway Community and Technical College,-4060
275,423,Allegany College of Maryland,-4060
1658,424,Los Angeles Harbor College,-4055
1555,425,El Camino Community College District,-4041
1601,426,Rock Valley College,-4040
1788,427,University of Maine at Farmington,-4036
661,428,Grayson College,-4034
1659,429,Monterey Peninsula College,-4010
347,430,Northeast Community College,-4006
1556,431,Cuesta College,-4000
445,432,Clinton Community College,-3997
2140,433,California State University-Channel Islands,-3994
1124,434,West Virginia University at Parkersburg,-3991
927,435,Sinclair Community College,-3990
1828,436,Holmes Community College,-3983
410,437,New Mexico State University-Dona Ana,-3982
1852,438,University of New Mexico-Valencia County Campus,-3981
88,439,University of Arkansas at Monticello,-3968
605,440,The University of Texas of the Permian Basin,-3965
1306,441,Morgan State University,-3962
2142,442,Mid-Plains Community College,-3958
532,443,Asheville-Buncombe Technical Community College,-3954
994,444,Langston University,-3948
465,445,Cloud County Community College,-3939
1408,446,Finger Lakes Community College,-3936
2153,447,North Lake College,-3936
1810,448,Jackson College,-3933
846,449,Los Angeles Valley College,-3931
1537,450,Yavapai College,-3929
1224,451,Morton College,-3928
691,452,Southside Virginia Community College,-3924
1664,453,Eastern Connecticut State University,-3924
408,454,Northeastern State University,-3923
1841,455,Onondaga Community College,-3919
1355,456,Washtenaw Community College,-3916
80,457,Grossmont College,-3914
851,458,Santa Barbara City College,-3912
1699,459,North Idaho College,-3910
1553,460,Fullerton College,-3905
708,461,Columbia Basin College,-3897
1975,462,University of South Carolina-Lancaster,-3896
1019,463,Tennessee College of Applied Technology-Knoxville,-3882
303,464,Jones County Junior College,-3876
73,465,College of the Canyons,-3876
565,466,Central Carolina Technical College,-3873
1602,467,John Wood Community College,-3864
187,468,Augusta Technical College,-3859
224,469,Des Moines Area Community College,-3859
234,470,Montgomery College,-3858
1092,471,Lee College,-3856
391,472,Ohio University-Southern Campus,-3851
773,473,West Hills College-Lemoore,-3850
1290,474,Henderson Community College,-3849
1638,475,San Diego Mesa College,-3846
1554,476,Cypress College,-3844
412,477,Central New Mexico Community College,-3844
335,478,Minnesota West Community and Technical College,-3843
1032,479,Brookhaven College,-3841
1170,480,Athens Technical College,-3838
81,481,Fresno City College,-3835
830,482,Foothill College,-3835
660,483,Howard College,-3830
806,484,Butte College,-3820
1830,485,Copiah-Lincoln Community College,-3815
97,486,Riverside City College,-3815
472,487,Madisonville Community College,-3809
91,488,Antelope Valley College,-3807
822,489,Canada College,-3797
551,490,Richmond Community College,-3792
2106,491,Lamar State College-Port Arthur,-3787
1851,492,Rutgers University-Camden,-3784
1569,493,Black River Technical College,-3780
1384,494,Clovis Community College,-3777
2225,495,Northeast Texas Community College,-3772
1895,496,Cape Fear Community College,-3768
64,497,Phoenix College,-3765
87,498,Henderson State University,-3758
642,499,Skagit Valley College,-3758
115,500,Tunxis Community College,-3755
824,501,Bakersfield College,-3752
1463,502,University of Minnesota-Morris,-3745
667,503,Clarendon College,-3742
702,504,Davis Applied Technology College,-3742
2146,505,San Jacinto Community College,-3740
254,506,Northern Essex Community College,-3737
2202,507,Paradise Valley Community College,-3733
93,508,Allan Hancock College,-3723
947,509,Craven Community College,-3722
1924,510,Fayetteville Technical Community College,-3708
1314,511,Delta College,-3702
1661,512,Napa Valley College,-3699
2028,513,Metropolitan Community College Area,-3698
1197,514,Florida Gateway College,-3696
141,515,Norwalk Community College,-3694
889,516,Manchester Community College,-3689
1079,517,San Antonio College,-3689
2157,518,Palo Alto College,-3688
1116,519,Virginia State University,-3685
1967,520,Western Oklahoma State College,-3685
1935,521,Rowan-Cabarrus Community College,-3678
78,522,Cuyamaca College,-3675
955,523,Edgecombe Community College,-3667
1163,524,Southwest Virginia Community College,-3667
1609,525,Marshalltown Community College,-3665
965,526,Stanly Community College,-3663
334,527,Dakota County Technical College,-3658
814,528,East Los Angeles College,-3651
276,529,Frederick Community College,-3646
197,530,John A Logan College,-3630
2213,531,Danville Community College,-3628
850,532,Oxnard College,-3625
462,533,North Iowa Area Community College,-3611
1461,534,Riverland Community College,-3608
52,535,California State University-Stanislaus,-3605
127,536,MiraCosta College,-3603
481,537,Kankakee Community College,-3603
904,538,Pasadena City College,-3596
1513,539,Heartland Community College,-3595
1631,540,Shasta College,-3595
65,541,GateWay Community College,-3594
1362,542,East Central Community College,-3593
435,543,Fulton-Montgomery Community College,-3592
1215,544,Kishwaukee College,-3589
428,545,SUNY Broome Community College,-3588
1192,546,Florida State University,-3585
1160,547,Peninsula College,-3579
1549,548,Enterprise State Community College,-3578
1369,549,New Jersey City University,-3574
838,550,Los Angeles Pierce College,-3567
2223,551,Weatherford College,-3565
2006,552,Hennepin Technical College,-3561
1907,553,Lakeland Community College,-3560
1244,554,City Colleges of Chicago-Harry S Truman College,-3558
310,555,Missouri Southern State University,-3551
1991,556,Francis Marion University,-3550
1072,557,Texas Southern University,-3548
1277,558,Northwest Louisiana Technical College,-3547
950,559,Sandhills Community College,-3547
1831,560,Itawamba Community College,-3545
1467,561,Montana State University-Northern,-3537
724,562,Walters State Community College,-3536
1629,563,Humboldt State University,-3527
204,564,George C Wallace State Community College-Dothan,-3523
51,565,California State University-Bakersfield,-3522
976,566,Portland Community College,-3517
837,567,Long Beach City College,-3511
598,568,Tarrant County College District,-3511
1281,569,Southern Maine Community College,-3511
1669,570,Skyline College,-3508
114,571,Delaware Technical Community College-Terry,-3503
550,572,Alamance Community College,-3502
70,573,University of California-Berkeley,-3502
865,574,Laney College,-3499
972,575,Northern Oklahoma College,-3496
2167,576,Everett Community College,-3496
1639,577,Reedley College,-3494
1605,578,Eastern Iowa Community College District,-3490
1964,579,Southwestern Oklahoma State University,-3488
2119,580,Coastal Pines Technical College,-3484
937,581,SUNY at Binghamton,-3484
719,582,Orangeburg Calhoun Technical College,-3481
1680,583,Southern Connecticut State University,-3470
426,584,Passaic County Community College,-3470
120,585,San Joaquin Delta College,-3466
1563,586,Chaffey College,-3464
162,587,Pensacola State College,-3457
1303,588,Lake Michigan College,-3457
1213,589,Joliet Junior College,-3453
1186,590,College of DuPage,-3447
1820,591,North Central Michigan College,-3447
995,592,Carl Albert State College,-3446
1264,593,Johnson County Community College,-3433
728,594,Austin Community College District,-3418
11,595,Middle Georgia State University,-3413
1327,596,Greenfield Community College,-3413
2240,597,Angelina College,-3408
476,598,Northshore Technical Community College,-3406
1085,599,Panola College,-3404
1945,600,Coastal Carolina Community College,-3398
1951,601,Ohio State University-Main Campus,-3397
1205,602,Leeward Community College,-3392
376,603,Central State University,-3391
1214,604,College of Lake County,-3387
1796,605,Wor-Wic Community College,-3381
1460,606,South Central College,-3378
892,607,Middlesex Community College,-3365
320,608,Northland Community and Technical College,-3362
1191,609,Danville Area Community College,-3356
2037,610,Western Nevada College,-3353
374,611,Lorain County Community College,-3346
2165,612,Edmonds Community College,-3340
443,613,Adirondack Community College,-3339
2011,614,Lincoln University,-3339
210,615,Northeast Alabama Community College,-3338
1090,616,Mountain View College,-3334
1322,617,Quinsigamond Community College,-3333
2097,618,Eastfield College,-3333
1842,619,Monroe Community College,-3322
1792,620,Labette Community College,-3307
235,621,Prince George's Community College,-3304
895,622,Daytona State College,-3294
497,623,Linn-Benton Community College,-3294
584,624,Dyersburg State Community College,-3279
1107,625,The University of Texas at Tyler,-3275
1483,626,University of Nebraska at Kearney,-3275
92,627,University of Arkansas-Fort Smith,-3275
383,628,Orange County Community College,-3273
1806,629,Kalamazoo Valley Community College,-3261
928,630,Owens Community College,-3259
1298,631,Lansing Community College,-3245
1259,632,Parkland College,-3245
992,633,Mansfield University of Pennsylvania,-3245
1024,634,Northeast State Community College,-3243
2047,635,Delaware County Community College,-3243
674,636,Wytheville Community College,-3241
1961,637,Central Oregon Community College,-3238
2122,638,Moreno Valley College,-3238
1243,639,Carl Sandburg College,-3231
2264,640,Carroll Community College,-3231
263,641,Kellogg Community College,-3229
1934,642,Durham Technical Community College,-3219
1832,643,Saint Paul College,-3219
877,644,University of the District of Columbia,-3219
785,645,Santiago Canyon College,-3217
1627,646,Hutchinson Community College,-3197
1455,647,Elizabethtown Community and Technical College,-3195
496,648,Oklahoma State University-Oklahoma City,-3185
1168,649,Owensboro Community and Technical College,-3173
1385,650,Rowan University,-3166
95,651,College of Alameda,-3157
903,652,Sacramento City College,-3153
2244,653,Fairmont State University,-3142
2172,654,University of Wisconsin-Superior,-3142
245,655,Western Iowa Tech Community College,-3138
356,656,Tompkins Cortland Community College,-3138
1018,657,Community College of Philadelphia,-3137
610,658,Tyler Junior College,-3137
137,659,Central Connecticut State University,-3130
1373,660,College of Southern Nevada,-3129
1765,661,Mott Community College,-3124
1218,662,Kaskaskia College,-3118
1164,663,Centralia College,-3117
800,664,Glendale Community College,-3106
1794,665,Dodge City Community College,-3102
1971,666,Greenville Technical College,-3096
1722,667,North Georgia Technical College,-3092
1915,668,University of North Carolina at Pembroke,-3090
1617,669,McHenry County College,-3083
180,670,Gordon State College,-3075
1086,671,Laredo Community College,-3071
313,672,Three Rivers Community College,-3065
2136,673,Mountwest Community and Technical College,-3065
18,674,Central Georgia Technical College,-3063
1875,675,Jamestown Community College,-3059
1229,676,Gwinnett Technical College,-3050
1981,677,Community College of Rhode Island,-3049
183,678,Georgia Northwestern Technical College,-3049
74,679,De Anza College,-3045
49,680,California State University-San Bernardino,-3043
986,681,Edinboro University of Pennsylvania,-3042
1674,682,Lassen Community College,-3037
1419,683,New Mexico Highlands University,-3033
1649,684,Ventura College,-3031
48,685,American River College,-3028
2196,686,University of Guam,-3026
860,687,West Hills College-Coalinga,-3022
2096,688,The University of Tennessee-Martin,-3011
248,689,West Kentucky Community and Technical College,-3010
2203,690,St Charles Community College,-3010
926,691,Ohio University-Zanesville Campus,-3008
2219,692,Virginia Highlands Community College,-3000
1801,693,Somerset Community College,-2998
1380,694,Eastern New Mexico University-Main Campus,-2997
259,695,Oakland Community College,-2988
1359,696,Rochester Community and Technical College,-2980
1171,697,College of Micronesia-FSM,-2979
319,698,St Cloud Technical and Community College,-2976
330,699,Harris-Stowe State University,-2971
311,700,Ozarks Technical Community College,-2966
2245,701,University of Utah,-2959
1620,702,Illinois Valley Community College,-2957
75,703,Cosumnes River College,-2954
803,704,California State University-Fresno,-2953
2151,705,Richland College,-2952
164,706,Polk State College,-2952
1241,707,Atlanta Technical College,-2951
815,708,Diablo Valley College,-2950
523,709,Southwestern Oregon Community College,-2948
128,710,Modesto Junior College,-2945
608,711,Utah State University,-2942
781,712,The Community College of Baltimore County,-2931
318,713,Minnesota State Community and Technical College,-2931
1457,714,Lake Superior College,-2928
1127,715,Spokane Falls Community College,-2918
336,716,Alexandria Technical & Community College,-2915
61,717,Mesa Community College,-2915
1694,718,Dalton State College,-2909
1220,719,Lanier Technical College,-2903
1470,720,East Central College,-2895
1403,721,Jefferson Community College,-2892
144,722,Merritt College,-2889
1713,723,City Colleges of Chicago-Richard J Daley College,-2886
2001,724,Chattanooga State Community College,-2883
1648,725,Sierra College,-2879
33,726,Folsom Lake College,-2878
504,727,Oklahoma City Community College,-2876
431,728,Dutchess Community College,-2875
1246,729,Vincennes University,-2871
922,730,Northwest State Community College,-2868
29,731,New River Community and Technical College,-2867
984,732,Butler County Community College,-2860
175,733,City Colleges of Chicago-Wilbur Wright College,-2858
105,734,College of Central Florida,-2848
1958,735,Northeastern Oklahoma A&M College,-2845
855,736,San Bernardino Valley College,-2842
42,737,Arkansas State University-Newport,-2839
359,738,Pitt Community College,-2832
2035,739,Truckee Meadows Community College,-2832
1134,740,Clover Park Technical College,-2825
614,741,Snow College,-2824
2069,742,Murray State College,-2799
970,743,Cameron University,-2797
1814,744,Wayne State University,-2796
1341,745,Amherst College,-2789
1844,746,Mohawk Valley Community College,-2789
354,747,North Carolina A & T State University,-2781
2003,748,Minneapolis Community and Technical College,-2780
363,749,Schenectady County Community College,-2779
1673,750,Imperial Valley College,-2779
1358,751,Mississippi Gulf Coast Community College,-2778
1530,752,Northwest-Shoals Community College,-2770
2145,753,The University of Texas Rio Grande Valley,-2768
1863,754,Fashion Institute of Technology,-2762
390,755,Ohio University-Chillicothe Campus,-2754
1033,756,Alvin Community College,-2744
251,757,Grand Rapids Community College,-2743
1740,758,North Shore Community College,-2736
1956,759,Stark State College,-2730
901,760,San Francisco State University,-2727
355,761,University of North Carolina at Greensboro,-2708
1561,762,Citrus College,-2706
637,763,University of the Virgin Islands,-2704
295,764,Mount Holyoke College,-2704
2261,765,South Texas College,-2701
1334,766,Muskegon Community College,-2701
659,767,Collin County Community College District,-2700
1412,768,Cayuga County Community College,-2698
233,769,Holyoke Community College,-2697
1157,770,Whatcom Community College,-2696
1826,771,East Mississippi Community College,-2692
246,772,Washburn University,-2689
499,773,East Central University,-2687
1593,774,Waubonsee Community College,-2681
677,775,Southwest Texas Junior College,-2678
2232,776,North Seattle College,-2669
680,777,Sul Ross State University,-2669
1560,778,Crafton Hills College,-2669
9,779,Norco College,-2662
1768,780,University of Maryland-College Park,-2660
82,781,Golden West College,-2657
2114,782,University of Connecticut-Stamford,-2657
102,783,Broward College,-2645
585,784,Cleveland State Community College,-2643
1465,785,Flathead Valley Community College,-2640
1106,786,Rappahannock Community College,-2640
801,787,Cochise County Community College District,-2635
796,788,Shelton State Community College,-2620
1223,789,Rend Lake College,-2614
782,790,University of Connecticut-Tri-Campus,-2609
1599,791,Lake Land College,-2607
148,792,University of South Florida-Main Campus,-2606
1678,793,Ohlone College,-2606
2013,794,Mineral Area College,-2602
1932,795,University of North Carolina at Asheville,-2602
345,796,Montana Tech of the University of Montana,-2602
1798,797,Morehead State University,-2599
1759,798,St Mary's College of Maryland,-2598
1519,799,California State University-Long Beach,-2590
804,800,California State Polytechnic University-Pomona,-2588
309,801,Metropolitan Community College-Kansas City,-2588
1592,802,William Rainey Harper College,-2585
337,803,Delta State University,-2580
166,804,Northwest Florida State College,-2576
158,805,University of Idaho,-2573
2252,806,Victoria College,-2563
707,807,Virginia Commonwealth University,-2562
1031,808,El Paso Community College,-2562
842,809,Adams State University,-2555
1370,810,Hudson County Community College,-2549
149,811,St Petersburg College,-2547
1628,812,Orange Coast College,-2545
159,813,Black Hawk College,-2544
2025,814,University of Nebraska at Omaha,-2537
2023,815,Missouri State University-West Plains,-2530
2014,816,Alcorn State University,-2529
1761,817,Bristol Community College,-2528
847,818,Mt San Jacinto Community College District,-2528
699,819,Vernon College,-2526
1533,820,Arkansas State University-Beebe,-2521
2070,821,Seminole State College,-2521
1118,822,Marshall University,-2511
653,823,Seattle Central College,-2508
62,824,Pima Community College,-2499
780,825,Suffolk County Community College,-2497
1786,826,Southern University at New Orleans,-2496
1718,827,Savannah State University,-2496
2237,828,Central Virginia Community College,-2481
1827,829,Jackson State University,-2481
1965,830,Southeastern Oklahoma State University,-2479
1249,831,Iowa Western Community College,-2479
764,832,Louisiana Delta Community College,-2477
641,833,Concord University,-2475
2111,834,Jackson State Community College,-2459
104,835,Eastern Florida State College,-2453
267,836,Triton College,-2451
2002,837,University of South Dakota,-2450
202,838,Chattahoochee Valley Community College,-2450
1088,839,Trinity Valley Community College,-2448
185,840,Atlanta Metropolitan State College,-2447
398,841,North Central State College,-2445
2214,842,Patrick Henry Community College,-2440
2256,843,Estrella Mountain Community College,-2435
1125,844,West Virginia Northern Community College,-2434
2224,845,Texarkana College,-2429
1493,846,Missouri University of Science and Technology,-2428
979,847,Oregon Institute of Technology,-2423
1313,848,Middlesex Community College,-2413
1578,849,Miami Dade College,-2406
1542,850,Southern Arkansas University Main Campus,-2406
506,851,Lane Community College,-2404
1087,852,Midwestern State University,-2403
1693,853,Albany State University,-2400
1948,854,Vassar College,-2395
282,855,Fitchburg State University,-2390
1356,856,St Clair County Community College,-2386
1401,857,Genesee Community College,-2378
697,858,Vermont Technical College,-2376
1051,859,Lake Area Technical Institute,-2370
152,860,Abraham Baldwin Agricultural College,-2369
1737,861,University of Massachusetts-Amherst,-2368
1518,862,California State University-Sacramento,-2363
300,863,University of Southern Mississippi,-2345
1522,864,University of Arkansas at Little Rock,-2344
522,865,Treasure Valley Community College,-2344
2187,866,Glenville State College,-2342
832,867,Mohave Community College,-2335
1911,868,Wake Technical Community College,-2326
1785,869,Southcentral Kentucky Community and Technical College,-2323
400,870,Zane State College,-2322
206,871,University of South Alabama,-2321
498,872,Clackamas Community College,-2319
848,873,Moorpark College,-2283
1275,874,Louisiana State University-Eunice,-2282
1962,875,Mt Hood Community College,-2281
90,876,Pulaski Technical College,-2280
273,877,Bowie State University,-2265
130,878,Santa Monica College,-2265
1521,879,California State University-Los Angeles,-2258
1115,880,Tidewater Community College,-2258
836,881,University of Arkansas Community College-Morrilton,-2247
1663,882,Pueblo Community College,-2245
1059,883,Hill College,-2242
2032,884,Missouri Western State University,-2236
2205,885,NorthWest Arkansas Community College,-2236
2007,886,Central Lakes College-Brainerd,-2236
1823,887,Saint Cloud State University,-2236
670,888,Virginia Western Community College,-2235
1189,889,City Colleges of Chicago-Harold Washington College,-2225
346,890,Wayne State College,-2225
754,891,Georgia Gwinnett College,-2223
1687,892,Georgia Southwestern State University,-2216
83,893,Irvine Valley College,-2209
1724,894,Albany Technical College,-2207
1696,895,Columbus Technical College,-2205
124,896,Saddleback College,-2205
977,897,Community College of Allegheny County,-2201
2045,898,University of Nevada-Las Vegas,-2197
1770,899,Frostburg State University,-2193
729,900,Houston Community College,-2190
1825,901,North Hennepin Community College,-2173
1938,902,Edison State Community College,-2170
1022,903,The University of Tennessee-Knoxville,-2169
1388,904,Cumberland County College,-2168
1912,905,Western Carolina University,-2162
1642,906,Fort Lewis College,-2162
1102,907,Old Dominion University,-2152
31,908,South Louisiana Community College,-2150
1095,909,New River Community College,-2150
332,910,State Technical College of Missouri,-2147
2083,911,University of Memphis,-2139
1183,912,Chandler-Gilbert Community College,-2138
1909,913,James A Rhodes State College,-2137
7,914,Moody Bible Institute,-2129
266,915,Moraine Valley Community College,-2125
1688,916,West Georgia Technical College,-2111
1523,917,California State University-Dominguez Hills,-2107
50,918,California State University-Chico,-2099
732,919,Cisco College,-2099
1681,920,Tallahassee Community College,-2097
201,921,George C Wallace State Community College-Hanceville,-2092
17,922,South Georgia State College,-2091
1701,923,Lewis-Clark State College,-2091
1250,924,Iowa Central Community College,-2085
775,925,Cascadia College,-2076
1741,926,Mount Wachusett Community College,-2076
500,927,Northwestern Oklahoma State University,-2064
1040,928,Piedmont Technical College,-2063
1083,929,Paris Junior College,-2058
1432,930,Sauk Valley Community College,-2055
564,931,Central Ohio Technical College,-2055
1861,932,Herkimer County Community College,-2051
243,933,Jefferson Community and Technical College,-2051
1821,934,Southwestern Michigan College,-2048
600,935,Lone Star College System,-2045
897,936,Florida State College at Jacksonville,-2039
1487,937,University of Minnesota-Twin Cities,-2038
1976,938,York Technical College,-2037
1366,939,University of Nebraska-Lincoln,-2037
194,940,Wiregrass Georgia Technical College,-2037
2208,941,Christopher Newport University,-2036
2204,942,Ogeechee Technical College,-2030
1989,943,Aiken Technical College,-2030
2104,944,Lamar State College-Orange,-2027
47,945,California State University-Fullerton,-2021
805,946,University of Central Arkansas,-2021
1367,947,Brookdale Community College,-2019
2144,948,South Plains College,-2019
413,949,Union County College,-2017
703,950,University of Houston-Victoria,-2015
669,951,J Sargeant Reynolds Community College,-2014
1776,952,Bossier Parish Community College,-2013
1528,953,Jefferson State Community College,-2013
1565,954,Coastline Community College,-2008
2160,955,Georgia Piedmont Technical College,-2006
2086,956,Pellissippi State Community College,-2002
1260,957,Indiana University-South Bend,-1993
153,958,Saint Johns River State College,-1989
1692,959,East Georgia State College,-1987
1221,960,Lincoln Land Community College,-1976
990,961,Northampton County Area Community College,-1967
306,962,Mississippi University for Women,-1962
181,963,Fort Valley State University,-1953
1103,964,Radford University,-1951
327,965,Jefferson College,-1951
899,966,Florida SouthWestern State College,-1944
569,967,Technical College of the Lowcountry,-1939
2163,968,Central Washington University,-1919
1598,969,Prairie State College,-1915
493,970,Delgado Community College,-1911
1420,971,Alfred University,-1908
477,972,SOWELA Technical Community College,-1902
2230,973,South Puget Sound Community College,-1900
723,974,Tennessee State University,-1899
302,975,Century College,-1887
1209,976,Seminole State College of Florida,-1884
0,977,Erie Community College,-1881
916,978,Ohio State University-Mansfield Campus,-1875
1957,979,Connors State College,-1867
567,980,Tri-County Technical College,-1860
168,981,Lake-Sumter State College,-1853
618,982,University of Wisconsin-Oshkosh,-1852
582,983,Columbia State Community College,-1852
1775,984,Southern University and A & M College,-1847
507,985,Bucks County Community College,-1842
671,986,Blue Ridge Community College,-1838
1071,987,Salt Lake Community College,-1833
1990,988,Florence-Darlington Technical College,-1825
1391,989,Peru State College,-1825
1196,990,Pasco-Hernando State College,-1820
1603,991,University of Illinois at Springfield,-1819
2161,992,Bellevue College,-1815
1490,993,Northwest Missouri State University,-1809
1447,994,Neosho County Community College,-1799
2090,995,Northern State University,-1797
1175,996,Harrisburg Area Community College-Harrisburg,-1794
1135,997,The University of Virginia's College at Wise,-1788
1456,998,Hopkinsville Community College,-1778
925,999,Ohio University-Lancaster Campus,-1768
2022,1000,State Fair Community College,-1765
1232,1001,Savannah Technical College,-1763
2084,1002,Middle Tennessee State University,-1762
2055,1003,Western Oregon University,-1752
2101,1004,Texas A & M International University,-1752
2138,1005,Nevada State College,-1741
2112,1006,Northwest Vista College,-1736
726,1007,Coastal Bend College,-1731
790,1008,James H Faulkner State Community College,-1723
182,1009,Southern Crescent Technical College,-1718
156,1010,Brigham Young University-Idaho,-1716
217,1011,Ivy Tech Community College,-1704
1381,1012,Stockton University,-1704
2030,1013,University of Missouri-St Louis,-1703
58,1014,University of Alabama in Huntsville,-1702
1970,1015,Midlands Technical College,-1694
604,1016,Texas Woman's University,-1689
1048,1017,Spartanburg Community College,-1682
721,1018,Volunteer State Community College,-1676
2087,1019,Motlow State Community College,-1670
1082,1020,Temple College,-1658
1111,1021,Latter-day Saints Business College,-1633
1504,1022,University of Washington-Tacoma Campus,-1631
1445,1023,Wichita Area Technical College,-1620
1129,1024,Clark College,-1615
1822,1025,Colegio Universitario de San Juan,-1613
2031,1026,University of Missouri-Kansas City,-1604
425,1027,Mercer County Community College,-1604
1577,1028,Palm Beach State College,-1596
2170,1029,University of Wisconsin-Stout,-1588
299,1030,Schoolcraft College,-1586
1591,1031,Indiana University-Southeast,-1580
1729,1032,Eastern Kentucky University,-1575
1983,1033,Rhode Island College,-1574
1921,1034,Clark State Community College,-1573
1451,1035,DePauw University,-1563
1269,1036,Highland Community College,-1562
1734,1037,Pittsburg State University,-1551
617,1038,Tacoma Community College,-1548
1308,1039,Bunker Hill Community College,-1531
1747,1040,Salem State University,-1529
704,1041,Ranger College,-1524
1771,1042,Harford Community College,-1519
2255,1043,Southern Union State Community College,-1513
150,1044,Santa Fe College,-1513
1746,1045,University of Massachusetts-Dartmouth,-1504
2207,1046,University of Washington-Bothell Campus,-1498
260,1047,Macomb Community College,-1496
46,1048,University of Arkansas,-1496
1023,1049,Austin Peay State University,-1494
591,1050,Shippensburg University of Pennsylvania,-1494
250,1051,Kentucky State University,-1493
301,1052,Normandale Community College,-1489
323,1053,Atlantic Cape Community College,-1489
896,1054,Florida Atlantic University,-1485
1100,1055,Lord Fairfax Community College,-1479
1954,1056,University of Toledo,-1479
1520,1057,Arkansas State University-Main Campus,-1465
1541,1058,California Polytechnic State University-San Luis Obispo,-1465
2049,1059,Kutztown University of Pennsylvania,-1454
2021,1060,Montana State University-Billings,-1449
421,1061,Bergen Community College,-1445
1652,1062,Berkeley City College,-1445
1484,1063,Chadron State College,-1440
1920,1064,Cincinnati State Technical and Community College,-1428
1903,1065,Kent State University at Salem,-1427
2133,1066,Blue Ridge Community and Technical College,-1426
1132,1067,The Evergreen State College,-1413
1733,1068,Cowley County Community College,-1403
1332,1069,Northwestern Michigan College,-1403
1590,1070,Indiana State University,-1398
577,1071,Southwest Tennessee Community College,-1394
1919,1072,University of North Carolina at Charlotte,-1391
179,1073,Columbus State University,-1391
418,1074,Kean University,-1380
19,1075,College of Western Idaho,-1379
1104,1076,Piedmont Virginia Community College,-1379
734,1077,North Central Texas College,-1377
256,1078,Worcester State University,-1356
1963,1079,Chemeketa Community College,-1356
1293,1080,Southern University at Shreveport,-1353
2064,1081,Terra State Community College,-1352
1690,1082,Darton State College,-1350
1049,1083,Southeast Technical Institute,-1350
38,1084,Lamar Institute of Technology,-1342
1096,1085,John Tyler Community College,-1339
1201,1086,University of West Georgia,-1338
757,1087,Texas A & M University-Central Texas,-1336
2093,1088,Tennessee Technological University,-1335
2248,1089,The University of Texas at El Paso,-1334
2166,1090,Green River College,-1331
2198,1091,American Samoa Community College,-1319
2143,1092,Florida Gulf Coast University,-1299
380,1093,Eastern Gateway Community College,-1294
110,1094,Emily Griffith Technical College,-1288
196,1095,Illinois Central College,-1282
1441,1096,Bluegrass Community and Technical College,-1282
971,1097,Rogers State University,-1277
1587,1098,Indiana University-Purdue University-Fort Wayne,-1276
1393,1099,The University of Montana-Western,-1275
420,1100,Camden County College,-1274
2005,1101,Minnesota State University Moorhead,-1271
157,1102,Southwestern Illinois College,-1270
1817,1103,Anoka-Ramsey Community College,-1262
852,1104,Sonoma State University,-1244
1195,1105,Orange Technical College-Mid Florida Campus,-1237
1743,1106,Massachusetts College of Art and Design,-1230
1039,1107,Horry-Georgetown Technical College,-1229
1612,1108,Allen County Community College,-1226
411,1109,Rutgers University-Newark,-1226
911,1110,Columbus State Community College,-1217
1020,1111,The University of Tennessee-Chattanooga,-1216
317,1112,Inver Hills Community College,-1211
2073,1113,Lock Haven University,-1206
1255,1114,University of Southern Indiana,-1206
1279,1115,University of Southern Maine,-1192
1585,1116,Purdue University-Calumet Campus,-1191
735,1117,California State University-San Marcos,-1189
178,1118,Armstrong State University,-1186
1000,1119,Reading Area Community College,-1174
1685,1120,Georgia Highlands College,-1162
1689,1121,Clayton  State University,-1162
237,1122,Massachusetts Bay Community College,-1157
147,1123,State College of Florida-Manatee-Sarasota,-1153
603,1124,Prairie View A & M University,-1138
1080,1125,Navarro College,-1131
1310,1126,College of Southern Maryland,-1130
1305,1127,University of Maryland-Baltimore County,-1128
1093,1128,George Mason University,-1120
1208,1129,Hillsborough Community College,-1119
218,1130,Indiana University-Northwest,-1118
1969,1131,Trident Technical College,-1109
340,1132,Southwest Minnesota State University,-1108
629,1133,University of Wisconsin-Stevens Point,-1100
2258,1134,Hacienda La Puente Adult Education,-1097
1263,1135,Kansas State University,-1091
668,1136,Thomas Nelson Community College,-1089
1187,1137,Idaho State University,-1089
1256,1138,Ball State University,-1085
1046,1139,University of South Carolina-Upstate,-1082
1131,1140,Olympic College,-1081
1893,1141,Appalachian State University,-1072
1041,1142,University of South Carolina-Aiken,-1072
2053,1143,Haverford College,-1067
2158,1144,Warren County Community College,-1067
1176,1145,Indiana University of Pennsylvania-Main Campus,-1065
36,1146,National University College-Rio Grande,-1065
2029,1147,University of Missouri-Columbia,-1060
1237,1148,Bainbridge State College,-1058
1540,1149,Arkansas Tech University,-1053
1151,1150,University of Wisconsin-Green Bay,-1052
1781,1151,Grambling State University,-1037
1300,1152,University of Michigan-Ann Arbor,-1027
1165,1153,National University College-Arecibo,-1014
2046,1154,County College of Morris,-1013
2192,1155,National University College-Bayamon,-1013
1829,1156,Winona State University,-996
414,1157,William Paterson University of New Jersey,-994
755,1158,University of South Florida-St Petersburg,-992
225,1159,University of Iowa,-991
199,1160,Jacksonville State University,-983
154,1161,Valencia College,-980
799,1162,Snead State Community College,-978
1122,1163,Western Washington University,-974
2094,1164,Angelo State University,-973
2010,1165,University of Central Missouri,-971
612,1166,West Texas A & M University,-970
505,1167,Bloomsburg University of Pennsylvania,-962
378,1168,Marion Technical College,-960
2054,1169,Clarion University of Pennsylvania,-955
639,1170,Shoreline Community College,-950
1809,1171,Lake Superior State University,-937
1452,1172,Hanover College,-935
566,1173,Dakota State University,-933
198,1174,John C Calhoun State Community College,-927
1576,1175,Florida International University,-925
1,1176,University of South Florida-Sarasota-Manatee,-922
1783,1177,Nunez Community College,-918
768,1178,National University College-Ponce,-899
630,1179,University of Wisconsin-River Falls,-896
1193,1180,University of North Florida,-895
647,1181,West Virginia State University,-890
1200,1182,Valdosta State University,-886
464,1183,Barton County Community College,-868
1098,1184,University of Mary Washington,-866
811,1185,California State University-Northridge,-853
2199,1186,Northern Marianas College,-848
590,1187,Westmoreland County Community College,-836
422,1188,Rowan College at Gloucester County,-821
1782,1189,Louisiana State University-Alexandria,-817
1242,1190,Chattahoochee Technical College,-816
485,1191,Indiana University-Kokomo,-808
1458,1192,Bemidji State University,-778
1675,1193,Western State Colorado University,-755
2150,1194,Texas Southmost College,-753
1459,1195,Metropolitan State University,-751
967,1196,University of Central Oklahoma,-736
609,1197,Weber State University,-728
1978,1198,Montgomery County Community College,-726
1406,1199,Hamilton College,-719
894,1200,University of Central Florida,-718
1123,1201,Shepherd University,-703
2147,1202,Tarleton State University,-696
2048,1203,Southern Oregon University,-693
2026,1204,The University of Montana,-687
2241,1205,Northern Virginia Community College,-677
1918,1206,University of Cincinnati-Blue Ash College,-673
283,1207,Hagerstown Community College,-668
2155,1208,Georgia State University-Perimeter College,-658
1113,1209,Germanna Community College,-648
2210,1210,Longwood University,-641
913,1211,North Dakota State University-Main Campus,-641
1152,1212,University of Wisconsin-Eau Claire,-636
791,1213,University of Montevallo,-633
71,1214,California State University-East Bay,-630
574,1215,Nashville State Community College,-625
1795,1216,Salisbury University,-621
1856,1217,Raritan Valley Community College,-617
242,1218,Butler Community College,-615
1780,1219,Louisiana State University-Shreveport,-608
1779,1220,Fletcher Technical Community College,-600
1199,1221,Boise State University,-598
1145,1222,University of Wisconsin-Parkside,-593
774,1223,Baton Rouge Community College,-587
1686,1224,Georgia Institute of Technology-Main Campus,-583
742,1225,Coconino Community College,-572
583,1226,Winthrop University,-566
1548,1227,Athens State University,-552
1295,1228,Southeastern Louisiana University,-528
516,1229,Millersville University of Pennsylvania,-524
1323,1230,Quincy College,-518
918,1231,Kent State University at Tuscarawas,-515
1050,1232,South Dakota School of Mines and Technology,-512
2004,1233,Minnesota State University-Mankato,-476
2134,1234,River Parishes Community College,-466
358,1235,University of North Carolina Wilmington,-462
1280,1236,University of Maine,-453
308,1237,Missouri State University-Springfield,-438
2154,1238,University of Wisconsin Colleges,-416
1273,1239,Louisiana State University and Agricultural & Mechanical College,-409
914,1240,Hocking College,-409
1529,1241,University of North Alabama,-404
495,1242,University of Maine at Augusta,-400
615,1243,University of Wisconsin-Milwaukee,-393
1070,1244,Utah Valley University,-392
1141,1245,Instituto de Banca y Comercio Inc,-372
1108,1246,Wharton County Junior College,-370
561,1247,University of Cincinnati-Clermont College,-362
424,1248,Rowan College at Burlington County,-345
2063,1249,Southern State Community College,-340
1824,1250,Mississippi State University,-331
16,1251,University of North Georgia,-326
1582,1252,University of Miami,-323
675,1253,Virginia Military Institute,-318
589,1254,Slippery Rock University of Pennsylvania,-316
1769,1255,Western Kentucky University,-291
155,1256,Georgia State University,-291
1324,1257,Framingham State University,-285
2056,1258,Rogue Community College,-281
1073,1259,Southern Utah University,-270
372,1260,Kent State University at East Liverpool,-270
919,1261,Kent State University at Ashtabula,-259
1267,1262,Emporia State University,-250
1683,1263,Georgia Southern University,-245
1368,1264,Montclair State University,-235
902,1265,San Jose State University,-235
658,1266,Atlantic University College,-226
244,1267,Murray State University,-224
270,1268,Spoon River College,-189
2008,1269,University of Minnesota-Crookston,-189
1730,1270,University of Kentucky,-188
1607,1271,Purdue University-North Central Campus,-165
1570,1272,Hendrix College,-160
473,1273,Dillard University,-156
798,1274,Tuskegee University,-154
2242,1275,Washington State University,-141
1045,1276,South Dakota State University,-137
1492,1277,Moberly Area Community College,-130
2057,1278,Community College of Beaver County,-119
2246,1279,Blinn College,-117
231,1280,University of Massachusetts-Boston,-117
419,1281,Middlesex County College,-110
966,1282,University of Oklahoma-Norman Campus,-105
616,1283,West Virginia University,-103
530,1284,University of Pittsburgh-Pittsburgh Campus,-102
1272,1285,University of New Orleans,-74
151,1286,The University of West Florida,-72
1120,1287,West Virginia University Institute of Technology,-57
291,1288,Westfield State University,-56
2243,1289,Potomac State College of West Virginia University,-49
1966,1290,Eastern Oregon University,-46
57,1291,Alabama State University,-25
731,1292,Central Texas College,-24
1552,1293,Birmingham Southern College,-21
1382,1294,Ramapo College of New Jersey,-20
515,1295,Mercyhurst University,-16
41,1296,Pierce College-Puyallup,-12
1130,1297,Pierce College-Fort Steilacoom,-12
1047,1298,Black Hills State University,-2
929,1299,Shawnee State University,4
96,1300,San Diego State University,5
494,1301,Nicholls State University,7
802,1302,Northern Arizona University,35
985,1303,California University of Pennsylvania,36
2181,1304,Ponce Paramedical College Inc,40
2115,1305,Kennesaw State University,48
1512,1306,MBTI Business Training Institute,50
298,1307,Bowdoin College,65
720,1308,University of South Carolina-Beaufort,104
1177,1309,Lehigh Carbon Community College,105
1030,1310,Texas A & M University-Commerce,107
1181,1311,Purdue University-Main Campus,132
1550,1312,Miles College,134
241,1313,Wichita State University,141
563,1314,Bowling Green State University-Firelands,161
1643,1315,Community College of Aurora,165
1626,1316,Fort Hays State University,169
195,1317,University of Illinois at Urbana-Champaign,183
392,1318,Miami University-Middletown,186
756,1319,Texas A&M University-San Antonio,190
1774,1320,University of Louisiana at Monroe,194
1257,1321,Illinois State University,199
818,1322,University of California-Riverside,215
1069,1323,University of North Texas,225
1077,1324,Stephen F Austin State University,236
1147,1325,University of Wisconsin-La Crosse,255
66,1326,Rio Salado College,268
262,1327,Mid Michigan Community College,273
1146,1328,University of Wisconsin-Platteville,280
1037,1329,Lander University,284
1955,1330,Youngstown State University,287
1274,1331,Northwestern State University of Louisiana,297
562,1332,Bowling Green State University-Main Campus,298
423,1333,Ocean County College,302
1304,1334,Towson University,307
1662,1335,Red Rocks Community College,322
1390,1336,Great Bay Community College,344
648,1337,West Liberty University,345
220,1338,Indiana University-East,350
1331,1339,Northern Michigan University,366
1950,1340,Davidson College,404
1248,1341,Iowa State University,411
2066,1342,Ohio Wesleyan University,419
1353,1343,Massachusetts Maritime Academy,423
930,1344,University of Rio Grande,442
2092,1345,Texas A & M University-Corpus Christi,452
1299,1346,Ferris State University,457
870,1347,Pikes Peak Community College,460
32,1348,University of California-Merced,485
596,1349,Brown University,485
1097,1350,James Madison University,505
1777,1351,McNeese State University,525
968,1352,Wright State University-Main Campus,534
2162,1353,Eastern Washington University,535
2020,1354,Southeast Missouri State University,564
909,1355,University of Akron Wayne College,567
1695,1356,Berry College,568
2250,1357,Dixie State University,588
1008,1358,Lincoln University,589
912,1359,University of Akron Main Campus,597
350,1360,Hastings College,604
1705,1361,University of Delaware,612
109,1362,Metropolitan State University of Denver,613
1203,1363,Georgia College and State University,624
715,1364,University of South Carolina-Columbia,641
638,1365,Liceo de Arte y Tecnologia,642
447,1366,The College of New Jersey,654
920,1367,Miami University-Hamilton,657
135,1368,Community College of Denver,690
602,1369,Texas A & M University-Kingsville,701
1855,1370,NHTI-Concord's Community College,710
606,1371,The University of Texas at San Antonio,782
193,1372,Young Harris College,784
2249,1373,Texas State University,799
2103,1374,Hardin-Simmons University,857
1804,1375,Eastern Michigan University,859
2169,1376,University of Wisconsin-Whitewater,862
871,1377,University of Northern Colorado,877
371,1378,Kent State University at Trumbull,882
404,1379,Mercy College of Ohio,886
991,1380,Luzerne County Community College,889
1739,1381,Massasoit Community College,889
1307,1382,Bridgewater State University,891
514,1383,Oregon State University,902
917,1384,Kent State University at Stark,904
1904,1385,Kent State University at Geauga,936
1952,1386,Ohio State University-Newark Campus,954
2251,1387,Wayland Baptist University,965
978,1388,Portland State University,998
701,1389,Trinity University,1009
27,1390,Georgia Military College,1017
718,1391,South Carolina State University,1018
1959,1392,Oklahoma State University-Main Campus,1027
1377,1393,Manchester Community College,1030
1977,1394,Pennsylvania State University-Penn State Abington,1042
1296,1395,University of Louisiana at Lafayette,1048
190,1396,Piedmont College,1054
1778,1397,Louisiana Tech University,1066
403,1398,Oberlin College,1077
487,1399,Grace College and Theological Seminary,1087
1278,1400,Centre College,1096
449,1401,Essex County College,1105
1545,1402,Ouachita Baptist University,1121
2215,1403,Virginia Polytechnic Institute and State University,1122
1815,1404,Western Michigan University,1142
1640,1405,Colorado Mesa University,1164
322,1406,University of New Hampshire-Main Campus,1181
136,1407,Colorado State University-Pueblo,1187
2247,1408,The University of Texas at Arlington,1191
570,1409,Citadel Military College of South Carolina,1212
200,1410,Auburn University at Montgomery,1224
1857,1411,Nashua Community College,1226
444,1412,Clarkson University,1247
129,1413,Arapahoe Community College,1267
512,1414,Pennsylvania State University-Penn State Brandywine,1294
2089,1415,Bethel University,1303
588,1416,West Chester University of Pennsylvania,1310
111,1417,Front Range Community College,1343
1138,1418,Inter American University of Puerto Rico-San German,1355
281,1419,Boston University,1359
1799,1420,Northern Kentucky University,1367
2071,1421,Oklahoma Christian University,1416
511,1422,Pennsylvania State University-Penn State Altoona,1440
1060,1423,University of Houston-Clear Lake,1441
1738,1424,University of Massachusetts-Lowell,1449
1416,1425,Cornell University,1465
1081,1426,The University of Texas at Dallas,1478
2082,1427,Pennsylvania State University-Penn State Berks,1479
1953,1428,Ohio University-Main Campus,1483
1065,1429,Augustana University,1500
316,1430,University of Minnesota-Duluth,1509
601,1431,Sam Houston State University,1514
34,1432,Central Methodist University-College of Graduate and Extended Studies,1543
325,1433,Granite State College,1545
253,1434,Central Michigan University,1611
1226,1435,Monmouth College,1613
673,1436,University of Virginia-Main Campus,1626
2039,1437,Colby-Sawyer College,1649
1816,1438,Saginaw Valley State University,1692
1284,1439,University of Baltimore,1693
1292,1440,Tulane University of Louisiana,1705
59,1441,Alabama A & M University,1716
1491,1442,Saint Louis University,1732
513,1443,Pennsylvania State University-Penn State Harrisburg,1778
1330,1444,Michigan State University,1786
744,1445,Sussex County Community College,1797
510,1446,Pennsylvania State University-Penn State Erie-Behrend College,1820
987,1447,East Stroudsburg University of Pennsylvania,1839
840,1448,Colorado State University-Fort Collins,1842
191,1449,Morehouse College,1847
1351,1450,Albion College,1872
1140,1451,Pontifical Catholic University of Puerto Rico-Ponce,1879
1891,1452,Beth Medrash Govoha,1881
1807,1453,University of Michigan-Flint,1891
1808,1454,University of Michigan-Dearborn,1944
1622,1455,Central College,1978
1139,1456,Inter American University of Puerto Rico-Barranquitas,1998
626,1457,Inter American University of Puerto Rico-Arecibo,2012
2000,1458,Westminster College,2012
1335,1459,Michigan Technological University,2016
69,1460,University of California-Santa Barbara,2039
373,1461,Cleveland State University,2071
1378,1462,Plymouth State University,2089
1897,1463,Campbell University,2092
632,1464,Inter American University of Puerto Rico-Bayamon,2098
717,1465,Clemson University,2110
1143,1466,Huertas College,2115
613,1467,Community College of Vermont,2118
625,1468,Inter American University of Puerto Rico-Ponce,2127
628,1469,Inter American University of Puerto Rico-Fajardo,2166
1068,1470,University of Houston-Downtown,2190
597,1471,Texas Tech University,2190
1574,1472,Pennsylvania Highlands Community College,2199
1974,1473,North Greenville University,2214
252,1474,Grand Valley State University,2253
693,1475,Johnson State College,2263
1231,1476,Spelman College,2283
539,1477,Johnson C Smith University,2283
261,1478,Oakland University,2287
1902,1479,Kent State University at Kent,2296
1464,1480,Montana State University,2322
627,1481,Inter American University of Puerto Rico-Aguadilla,2330
2236,1482,Wiley College,2332
607,1483,University of Houston,2344
214,1484,University of Arizona,2348
1001,1485,University of Pittsburgh-Bradford,2382
2221,1486,Texas Lutheran University,2403
258,1487,Andrews University,2408
633,1488,Inter American University of Puerto Rico-Guayama,2436
492,1489,Saint Mary's College,2464
43,1490,Atenas College,2505
207,1491,University of West Alabama,2512
1684,1492,University of Georgia,2512
974,1493,Oral Roberts University,2564
1514,1494,College of Health Care Professions-Northwest,2576
910,1495,University of Cincinnati-Main Campus,2609
727,1496,Austin College,2611
1137,1497,Inter American University of Puerto Rico-Metro,2617
401,1498,Muskingum University,2620
2191,1499,Universidad Metropolitana,2622
461,1500,New York University,2638
1067,1501,Lamar University,2671
452,1502,Drew University,2701
1099,1503,Mary Baldwin University,2711
2239,1504,Union University,2721
1994,1505,Claflin University,2732
329,1506,Missouri Valley College,2767
2036,1507,Keene State College,2785
1526,1508,Troy University,2808
1641,1509,University of Colorado Colorado Springs,2845
483,1510,Illinois Wesleyan University,2845
1843,1511,Rochester Institute of Technology,2867
949,1512,Wingate University,2893
1594,1513,University of Evansville,2898
2018,1514,Columbia College,2928
886,1515,Wesleyan University,2951
741,1516,Arizona State University-West,2986
1547,1517,University of Mobile,3005
1426,1518,The College of Saint Rose,3026
1364,1519,Mississippi College,3047
1476,1520,Macalester College,3054
1056,1521,Waynesburg University,3060
788,1522,The University of Alabama,3061
657,1523,Universidad Adventista de las Antillas,3071
1588,1524,Indiana University-Bloomington,3095
2074,1525,Lycoming College,3132
1960,1526,University of Oregon,3141
98,1527,University of Colorado Boulder,3153
1228,1528,Shorter University,3165
89,1529,John Brown University,3170
820,1530,University of California-Santa Cruz,3193
2072,1531,Oklahoma Baptist University,3232
2,1532,Bob Jones University,3234
1043,1533,Columbia College,3235
1573,1534,Arizona State University-Tempe,3241
2129,1535,Arizona State University-Downtown Phoenix,3269
763,1536,Arizona State University-Skysong,3277
789,1537,Auburn University,3318
475,1538,Aveda Institute-Covington,3326
333,1539,Spring Arbor University,3336
1657,1540,Argosy University-The Art Institute of California-San Diego,3350
1489,1541,Southwest Baptist University,3353
740,1542,Arizona State University-Polytechnic,3362
1336,1543,Kalamazoo College,3394
1943,1544,Wake Forest University,3401
716,1545,College of Charleston,3424
86,1546,Harding University,3428
1435,1547,Indiana Institute of Technology,3473
393,1548,Ohio Northern University,3478
343,1549,Carleton College,3487
635,1550,Universidad Politecnica de Puerto Rico,3531
2017,1551,Evangel University,3551
1475,1552,Gustavus Adolphus College,3558
2176,1553,Universidad del Este,3559
1697,1554,Point University,3560
1011,1555,Lancaster Bible College,3561
1505,1556,Universidad del Turabo,3572
2107,1557,Cumberland University,3574
880,1558,University of Hartford,3608
1488,1559,Drury University,3626
587,1560,Freed-Hardeman University,3630
257,1561,Calvin College,3638
959,1562,Marietta College,3644
1972,1563,Coastal Carolina University,3666
1736,1564,Lindsey Wilson College,3669
208,1565,Samford University,3678
1320,1566,Alma College,3682
2201,1567,Beloit College,3696
2067,1568,Wittenberg University,3713
230,1569,Luther College,3743
1340,1570,Goucher College,3746
1271,1571,Newman University,3753
1939,1572,Denison University,3774
2185,1573,Lakeland University,3782
695,1574,Lyndon State College,3791
67,1575,Pima Medical Institute-Tucson,3822
122,1576,San Joaquin Valley College-Visalia,3835
2038,1577,Dartmouth College,3836
634,1578,Universidad del Sagrado Corazon,3836
1438,1579,Coe College,3849
2226,1580,Southwestern University,3865
169,1581,Florida Technical College,3878
1704,1582,Northwest Nazarene University,3891
427,1583,New Jersey Institute of Technology,3894
998,1584,Southern Nazarene University,3897
548,1585,Queens University of Charlotte,3907
890,1586,Goodwin College,3933
2088,1587,Lee University,3961
1646,1588,Colorado School of Mines,3990
2216,1589,Hampton University,4015
568,1590,University of Sioux Falls,4034
471,1591,University of the Cumberlands,4045
107,1592,Adventist University of Health Sciences,4058
1156,1593,Lawrence University,4061
367,1594,Nyack College,4073
1240,1595,Oglethorpe University,4093
958,1596,John Carroll University,4097
748,1597,D'Mart Institute,4110
1182,1598,Pontifical Catholic University of Puerto Rico-Mayaguez,4144
1623,1599,Rose-Hulman Institute of Technology,4145
795,1600,Huntingdon College,4148
1706,1601,Bethune-Cookman University,4153
792,1602,Oakwood University,4185
2152,1603,St. Mary's University,4192
2033,1604,Park University,4201
192,1605,Reinhardt University,4206
1611,1606,Upper Iowa University,4237
2217,1607,Virginia Union University,4253
470,1608,Campbellsville University,4254
1054,1609,Roger Williams University,4260
486,1610,Anderson University,4264
1222,1611,Millikin University,4266
1301,1612,Madonna University,4281
479,1613,Lincoln College,4291
1928,1614,Gardner-Webb University,4315
1004,1615,University of Tulsa,4326
1345,1616,Brandeis University,4352
1614,1617,William Penn University,4364
484,1618,Knox College,4364
751,1619,Pennsylvania College of Health Sciences,4378
1446,1620,Waldorf University,4389
924,1621,University of Mount Union,4391
2109,1622,Lane College,4395
360,1623,Mars Hill University,4438
377,1624,Malone University,4451
1448,1625,MidAmerica Nazarene University,4464
2263,1626,Mech-Tech College,4467
467,1627,Morningside College,4497
1532,1628,Spring Hill College,4509
1819,1629,Siena Heights University,4525
1394,1630,Concordia University-Nebraska,4526
975,1631,Oklahoma City University,4528
289,1632,McDaniel College,4530
1995,1633,Furman University,4542
1700,1634,Bradley University,4548
1511,1635,EDP University of Puerto Rico Inc-San Juan,4557
1126,1636,West Virginia Wesleyan College,4575
1379,1637,New England College,4581
578,1638,Rhodes College,4584
743,1639,Galen College of Nursing-San Antonio,4584
696,1640,Eastern Mennonite University,4588
488,1641,Buena Vista University,4590
2042,1642,Saint Johns University,4593
988,1643,Eastern University,4600
553,1644,Baldwin Wallace University,4615
2068,1645,The College of Wooster,4619
466,1646,Simpson College,4625
688,1647,Lynchburg College,4625
552,1648,Ashland University,4637
1348,1649,Simmons College,4640
2206,1650,Pennsylvania College of Technology,4661
953,1651,Lenoir-Rhyne University,4681
2212,1652,Castleton University,4682
1453,1653,Saint Augustine College,4690
683,1654,University of St Thomas,4693
1027,1655,Tusculum College,4711
397,1656,Wilmington College,4729
1091,1657,Lubbock Christian University,4741
79,1658,Claremont McKenna College,4747
1864,1659,Daemen College,4766
2234,1660,College of William and Mary,4777
468,1661,Benedictine College,4782
1427,1662,Siena College,4786
1428,1663,Roberts Wesleyan College,4795
348,1664,Nebraska Wesleyan University,4800
586,1665,Carson-Newman University,4802
725,1666,Abilene Christian University,4807
280,1667,Saint Joseph's College of Maine,4813
1179,1668,Keystone College,4822
879,1669,Georgetown University,4862
1302,1670,Cornerstone University,4878
1922,1671,Capital University,4882
268,1672,McKendree University,4882
1879,1673,Le Moyne College,4889
579,1674,Maryville College,4890
68,1675,Charter College,4895
624,1676,Milwaukee School of Engineering,4904
1169,1677,Vista College,4914
173,1678,Concordia University-Chicago,4919
980,1679,Albright College,4922
1982,1680,University of Rhode Island,4924
665,1681,East Texas Baptist University,4930
165,1682,Jacksonville University,4956
307,1683,Avila University,4971
1436,1684,Marian University,4976
1444,1685,Asbury University,4977
227,1686,Graceland University-Lamoni,4982
1929,1687,Guilford College,4990
437,1688,Elmira College,5002
1764,1689,Baker College,5019
1999,1690,Saint Vincent College,5029
753,1691,Uta Mesivta of Kiryas Joel,5075
1439,1692,Dordt College,5085
1996,1693,Seton Hill University,5090
2061,1694,Carnegie Mellon University,5121
1847,1695,The Sage Colleges,5122
2081,1696,Reed College,5145
395,1697,Walsh University,5149
1262,1698,University of Indianapolis,5150
229,1699,Loras College,5161
2141,1700,EDIC College,5188
1349,1701,College of Our Lady of the Elms,5195
1066,1702,Wofford College,5201
787,1703,Embry-Riddle Aeronautical University-Worldwide,5208
1190,1704,Benedictine University,5244
2235,1705,Bridgewater College,5259
1434,1706,Dominican University,5268
575,1707,Southern Adventist University,5282
1531,1708,Faulkner University,5342
2034,1709,Missouri Baptist University,5365
1014,1710,Geneva College,5373
621,1711,Viterbo University,5383
1276,1712,Loyola University New Orleans,5392
1973,1713,Limestone College,5401
2110,1714,King University,5404
1430,1715,Trinity Christian College,5423
592,1716,York College Pennsylvania,5428
595,1717,Saint Francis University,5438
297,1718,Hood College,5467
116,1719,Medtech Institute,5473
555,1720,Belmont Abbey College,5489
284,1721,Stevenson University,5511
1472,1722,Concordia University-Saint Paul,5515
526,1723,Cabrini University,5523
1933,1724,North Carolina Wesleyan College,5524
745,1725,Le Cordon Bleu College of Culinary Arts-Scottsdale,5526
531,1726,University of Pittsburgh-Greensburg,5528
1219,1727,Lake Forest College,5534
370,1728,Niagara University,5560
1057,1729,YTI Career Institute-York,5563
189,1730,Mercer University,5589
1471,1731,William Carey University,5610
1908,1732,Mount Vernon Nazarene University,5614
943,1733,Sarah Lawrence College,5615
1006,1734,Pioneer Pacific College,5620
321,1735,St Olaf College,5645
1474,1736,Concordia College at Moorhead,5669
960,1737,Ohio Christian University,5678
1655,1738,National University,5707
934,1739,Cedarville University,5716
529,1740,Elizabethtown College,5721
26,1741,University of Phoenix-Tennessee,5726
766,1742,Springfield College-School of Professional and Continuing Studies,5746
1012,1743,Lehigh University,5757
1750,1744,Wheaton College,5767
1268,1745,Baker University,5776
1709,1746,Wilmington University,5785
1715,1747,Elmhurst College,5787
685,1748,Schreiner University,5791
982,1749,Allegheny College,5793
2076,1750,Lafayette College,5793
1916,1751,University of Mount Olive,5799
1892,1752,Touro College,5810
399,1753,University of Northwestern Ohio,5820
999,1754,University of Pittsburgh-Johnstown,5824
545,1755,Shaw University,5831
25,1756,University of Phoenix-Nevada,5838
1153,1757,Carthage College,5841
878,1758,Catholic University of America,5849
2117,1759,University of Phoenix-Texas,5864
2262,1760,Florida National University-Main Campus,5879
2065,1761,Otterbein University,5890
1431,1762,Bethel College-Indiana,5903
1036,1763,Charleston Southern University,5933
2184,1764,University of Charleston,5976
1029,1765,Trevecca Nazarene University,6002
1767,1766,Adrian College,6021
2116,1767,University of Phoenix-Florida,6021
1062,1768,Christian Brothers University,6023
269,1769,Olivet Nazarene University,6025
1927,1770,Methodist University,6042
1752,1771,Stonehill College,6044
222,1772,Manchester University,6055
490,1773,Valparaiso University,6085
1905,1774,Miami University-Oxford,6088
1003,1775,Pittsburgh Technical College,6092
1682,1776,Saint Leo University,6104
1015,1777,Gwynedd Mercy University,6105
1477,1778,University of St Thomas,6117
379,1779,Lourdes University,6127
1793,1780,Southwestern College,6158
24,1781,University of Phoenix-Georgia,6163
272,1782,Wheaton College,6170
1162,1783,Roanoke College,6189
672,1784,The Art Institute of Seattle,6193
1042,1785,Southern Wesleyan University,6198
1478,1786,The College of Saint Scholastica,6236
232,1787,University of Maryland-University College,6239
1616,1788,Wartburg College,6250
945,1789,Chowan University,6251
1211,1790,Southeastern University,6272
1849,1791,St Lawrence University,6280
868,1792,The Master's University and Seminary,6304
2218,1793,Virginia Wesleyan College,6316
1670,1794,Brightwood College-San Diego,6349
786,1795,Le Cordon Bleu College of Culinary Arts-Pasadena,6373
2238,1796,Regent University,6377
489,1797,Trine University,6384
1480,1798,Saint Mary's University of Minnesota,6393
996,1799,Xavier University,6402
2075,1800,Marywood University,6410
1325,1801,Fisher College,6413
663,1802,Houston Baptist University,6429
1318,1803,Aquinas College,6433
2182,1804,Concordia University-Wisconsin,6442
1757,1805,Clark University,6461
219,1806,Indiana Wesleyan University-Marion,6464
2102,1807,LeTourneau University,6487
288,1808,Assumption College,6489
762,1809,Northeastern University Professional Advancement Network,6490
1615,1810,Saint Ambrose University,6499
874,1811,Barry University,6501
1998,1812,Moravian College,6506
1748,1813,Springfield College,6516
1074,1814,University of Vermont,6526
1185,1815,Columbia College Chicago,6527
736,1816,Kaplan University-Davenport Campus,6538
862,1817,Westmont College,6543
389,1818,St. Thomas Aquinas College,6559
989,1819,Pennsylvania State University-Main Campus,6561
1937,1820,The University of Findlay,6562
1136,1821,Walla Walla University,6583
2016,1822,Maryville University of Saint Louis,6603
402,1823,Notre Dame College,6619
331,1824,Ranken Technical College,6625
1216,1825,Lewis University,6640
1479,1826,University of Northwestern-St Paul,6648
1010,1827,Messiah College,6669
339,1828,St Catherine University,6679
405,1829,Kenyon College,6693
1418,1830,Colgate University,6703
1702,1831,Aurora University,6718
1288,1832,Spalding University,6722
1719,1833,Chaminade University of Honolulu,6722
1238,1834,Brenau University,6747
1803,1835,Thomas More College,6761
1886,1836,Rivier University,6762
60,1837,Institute of Technology,6767
521,1838,Juniata College,6797
520,1839,Harcum College,6805
1466,1840,Carroll College,6805
1058,1841,Susquehanna University,6850
1254,1842,Mount Mercy University,6860
687,1843,Shenandoah University,6860
1245,1844,Augustana College,6862
1538,1845,Universal Technical Institute of Arizona Inc-Motorcycle Mechanics Institute Division,6865
921,1846,Ohio Dominican University,6870
441,1847,Keuka College,6900
690,1848,Randolph-Macon College,6903
580,1849,Ursinus College,6909
1217,1850,Kendall College,6919
1992,1851,Benedict College,6944
778,1852,Le Cordon Bleu College of Culinary Arts-Atlanta,6947
2059,1853,DeSales University,6959
1968,1854,George Fox University,6986
1038,1855,Widener University,6987
2227,1856,Pacific Lutheran University,6990
1363,1857,Belhaven University,6992
1415,1858,Canisius College,7002
1889,1859,Saint Anselm College,7004
631,1860,Columbia Central University-Caguas,7012
1212,1861,Stetson University,7019
518,1862,King's College,7026
644,1863,Whitworth University,7037
1898,1864,Syracuse University,7043
1105,1865,University of Richmond,7050
1442,1866,Bellarmine University,7051
394,1867,Tiffin University,7065
434,1868,Dowling College,7112
573,1869,Washington & Jefferson College,7137
1433,1870,Butler University,7158
1846,1871,St Francis College,7190
1437,1872,Lincoln College of Technology-Indianapolis,7202
758,1873,Husson University,7205
366,1874,St. Joseph's College-New York,7208
238,1875,Mount Ida College,7216
1610,1876,Grand View University,7216
1676,1877,Albertus Magnus College,7225
1346,1878,College of the Holy Cross,7229
1691,1879,The Art Institute of Atlanta,7231
118,1880,Trinity College,7236
733,1881,Dallas Baptist University,7254
2050,1882,La Salle University,7258
2091,1883,Sewanee-The University of the South,7258
1848,1884,St Bonaventure University,7263
1597,1885,The Illinois Institute of Art-Chicago,7266
221,1886,University of Saint Francis-Fort Wayne,7291
1899,1887,Utica College,7313
1707,1888,Wesley College,7344
1985,1889,Point Park University,7347
694,1890,Ferrum College,7360
823,1891,Bryan University,7379
528,1892,Chestnut Hill College,7381
501,1893,Linfield College-McMinnville Campus,7389
1178,1894,Lackawanna College,7390
2108,1895,Lincoln Memorial University,7405
2127,1896,Hondros College of Nursing,7419
1723,1897,Rollins College,7422
314,1898,Rockhurst University,7425
533,1899,United Talmudical Seminary,7434
1993,1900,Anderson University,7461
365,1901,Monroe College,7462
1159,1902,Saint Martin's University,7467
1372,1903,Lincoln Technical Institute-Union,7470
396,1904,Franciscan University of Steubenville,7483
469,1905,Central Christian College of Kansas,7488
84,1906,Fresno Pacific University,7505
1101,1907,Liberty University,7518
1025,1908,Lipscomb University,7518
1021,1909,Temple University,7524
749,1910,University of Phoenix-Hawaii,7533
457,1911,Manhattanville College,7540
2211,1912,Norwich University,7547
463,1913,Friends University,7551
1773,1914,Mount St Mary's University,7557
491,1915,Taylor University,7561
1604,1916,University of St Francis,7569
1315,1917,Wentworth Institute of Technology,7572
1013,1918,Muhlenberg College,7582
508,1919,The Art Institute of Philadelphia,7600
1236,1920,Flagler College-St Augustine,7623
1708,1921,George Washington University,7646
692,1922,Westminster College,7649
2105,1923,University of Dallas,7665
876,1924,The Art Institute of Fort Lauderdale,7672
286,1925,American International College,7683
1063,1926,Concorde Career College-Memphis,7685
722,1927,Baylor University,7694
593,1928,New England Institute of Technology,7695
1818,1929,Augsburg College,7743
517,1930,Holy Family University,7758
1654,1931,Woodbury University,7765
1636,1932,Pacific Union College,7774
2159,1933,Mid-America Christian University,7793
752,1934,Southern Technical College,7823
681,1935,Our Lady of the Lake University,7824
666,1936,Concordia University-Texas,7848
2043,1937,Hope College,7867
1564,1938,Concordia University-Irvine,7870
759,1939,University of Phoenix-California,7877
1473,1940,Hamline University,7891
2131,1941,Argosy University-The Art Institute of California-Inland Empire,7895
537,1942,Nazareth College,7896
2253,1943,Texas Wesleyan University,7943
1053,1944,Wilkes University,7969
1787,1945,Xavier University of Louisiana,7983
1500,1946,Union College,7988
1398,1947,The College of New Rochelle,7989
541,1948,Livingstone College,8000
923,1949,Mount Saint Joseph University,8024
454,1950,Medaille College,8028
324,1951,Franklin Pierce University,8032
1375,1952,Southern New Hampshire University,8036
900,1953,Eckerd College,8038
1009,1954,Mount Aloysius College,8044
981,1955,Arcadia University,8046
53,1956,Azusa Pacific University,8053
1180,1957,Lebanon Valley College,8074
2222,1958,Southwestern Assemblies of God University,8086
369,1959,Rensselaer Polytechnic Institute,8090
1343,1960,Endicott College,8092
44,1961,Computer Systems Institute,8093
1347,1962,Tufts University,8101
2012,1963,Lindenwood University,8113
1584,1964,Florida Memorial University,8135
349,1965,Midland University,8149
2058,1966,Cedar Crest College,8152
1644,1967,The Art Institute of Colorado,8161
872,1968,Regis University,8170
1337,1969,Bay Path University,8181
2078,1970,Delaware Valley University,8196
415,1971,Rider University,8200
101,1972,Colorado College,8209
1621,1973,North Central College,8213
1790,1974,Colby College,8214
1142,1975,Caribbean University-Bayamon,8260
2009,1976,Bethel University,8290
312,1977,Webster University,8297
2189,1978,Marian University,8312
503,1979,Lewis & Clark College,8325
344,1980,Bellevue University,8331
2062,1981,Central Penn College,8373
456,1982,Molloy College,8376
2051,1983,Gannon University,8409
167,1984,Palm Beach Atlantic University,8410
1755,1985,Dean College,8417
1344,1986,Gordon College,8420
1424,1987,Barnard College,8429
2139,1988,NASCAR Technical Institute,8463
139,1989,University of Bridgeport,8476
594,1990,The University of the Arts,8481
296,1991,Washington College,8515
1888,1992,College of Mount Saint Vincent,8519
1016,1993,Immaculata University,8530
1481,1994,College of Saint Benedict,8536
436,1995,D'Youville College,8537
1110,1996,Universal Technical Institute of Texas Inc.,8541
2193,1997,Universidad Central de Bayamon,8573
1172,1998,Universal Technical Institute-Auto Motorcycle & Marine Mechanics Institute Division-Orlando,8597
859,1999,Carrington College-Sacramento,8617
885,2000,Porter and Chester Institute of Stratford,8619
1878,2001,Ithaca College,8625
935,2002,University of Mary,8628
2100,2003,University of the Incarnate Word,8628
1230,2004,Rasmussen College-Florida,8673
779,2005,American Career College-Anaheim,8703
1017,2006,Franklin and Marshall College,8716
1744,2007,Regis College,8745
1883,2008,Saint Peter's University,8763
184,2009,Clark Atlanta University,8769
2254,2010,ECPI University,8789
1423,2011,Vaughn College of Aeronautics and Technology,8810
1979,2012,Misericordia University,8839
240,2013,Lesley University,8852
2080,2014,Willamette University,8860
1503,2015,Argosy University-The Art Institute of California-Hollywood,8865
2175,2016,Saint Norbert College,8869
536,2017,Trocaire College,8871
1679,2018,Occidental College,8904
649,2019,Cardinal Stritch University,8907
1028,2020,Lincoln College of Technology-Nashville,8923
1711,2021,Trinity Washington University,8957
1534,2022,Grand Canyon University,8963
1402,2023,Hofstra University,8982
737,2024,Universal Technical Institute of Illinois Inc,8987
784,2025,Stratford University,8989
1252,2026,Saint Xavier University,8992
993,2027,Peirce College,8998
2188,2028,Edgewood College,9009
1253,2029,Ashford University,9010
936,2030,Meredith College,9031
1763,2031,Emmanuel College,9034
783,2032,Universal Technical Institute of California Inc,9042
1411,2033,Culinary Institute of America,9068
1618,2034,National Louis University,9077
1389,2035,Centenary University,9079
915,2036,University of Dayton,9084
442,2037,Hartwick College,9085
285,2038,Boston College,9113
713,2039,Everest University-South Orlando,9116
226,2040,Drake University,9134
1544,2041,American Career College-Los Angeles,9157
1234,2042,Florida Southern College,9182
816,2043,Dominican University of California,9246
1668,2044,Vanguard University of Southern California,9253
650,2045,Carroll University,9276
1506,2046,Vatterott College-Berkeley,9286
1845,2047,Saint John Fisher College,9298
738,2048,Brandman University,9321
1333,2049,Northwood University,9332
1148,2050,Herzing University-Madison,9343
652,2051,Seattle Pacific University,9349
1287,2052,University of Pikeville,9350
1619,2053,North Park University,9363
30,2054,Universal Technical Institute of Pennsylvania Inc,9367
1756,2055,Berklee College of Music,9371
294,2056,Merrimack College,9379
1797,2057,Anna Maria College,9382
1194,2058,Keiser University-Ft Lauderdale,9391
1583,2059,AI Miami International University of Art and Design,9394
1294,2060,Our Lady of the Lake College,9395
450,2061,Caldwell University,9407
2128,2062,Ultimate Medical Academy-Tampa,9429
772,2063,Universal Technical Institute of Northern California Inc,9457
1630,2064,University of Redlands,9457
2125,2065,DeVry University-Georgia,9463
983,2066,Drexel University,9470
2209,2067,American National University,9494
714,2068,Johnson & Wales University-Providence,9504
519,2069,La Roche College,9535
1882,2070,Adelphi University,9557
1055,2071,University of Scranton,9565
1600,2072,Roosevelt University,9571
2077,2073,Duquesne University,9572
809,2074,California Lutheran University,9590
2130,2075,American Career College-Ontario,9591
1109,2076,Texas Christian University,9619
482,2077,Illinois Institute of Technology,9642
1650,2078,Colorado Christian University,9650
739,2079,Hodges University,9669
571,2080,Salve Regina University,9708
1397,2081,Mercy College,9739
1930,2082,Miller-Motte College-Wilmington,9764
1173,2083,Dickinson College,9784
55,2084,Art Center College of Design,9821
290,2085,Hampshire College,9827
1502,2086,Johnson & Wales University-North Miami,9829
1326,2087,Curry College,9841
1887,2088,Mount Saint Mary College,9857
140,2089,Post University,9873
770,2090,Southwest University at El Paso,9890
163,2091,Nova Southeastern University,9911
709,2092,Gonzaga University,9919
375,2093,Franklin University,9943
1535,2094,Universal Technical Institute of Arizona Inc,9958
1034,2095,The Art Institute of Houston,9979
1387,2096,Bloomfield College,9998
1749,2097,Worcester Polytechnic Institute,9998
2259,2098,ASA College,10018
1984,2099,Robert Morris University,10021
777,2100,Johnson & Wales University-Charlotte,10030
1876,2101,Marist College,10043
1202,2102,Hawaii Pacific University,10076
2113,2103,McCann School of Business & Technology,10087
827,2104,University of La Verne,10106
23,2105,University of Phoenix-Arizona,10120
882,2106,University of New Haven,10125
1753,2107,Becker College,10135
1235,2108,Full Sail University,10179
14,2109,DeVry University-Ohio,10184
255,2110,University of Detroit Mercy,10198
527,2111,Carlow University,10203
1742,2112,Nichols College,10212
1496,2113,Technical Career Institutes,10226
2044,2114,Kettering University,10248
525,2115,University of Portland,10280
1089,2116,University of Mary Hardin-Baylor,10293
686,2117,Marymount University,10297
654,2118,University of Puget Sound,10318
1316,2119,Western New England University,10352
893,2120,Connecticut College,10361
808,2121,California Baptist University,10420
453,2122,Pennco Tech-Blackwood,10424
40,2123,Johnson & Wales University-Denver,10437
20,2124,Universal Technical Institute - Dallas Fort Worth,10481
1386,2125,Fairleigh Dickinson University-Metropolitan Campus,10488
1184,2126,DePaul University,10496
455,2127,Manhattan College,10503
1002,2128,Philadelphia University,10503
1429,2129,Skidmore College,10505
651,2130,Alverno College,10534
1865,2131,Dominican College of Blauvelt,10602
1880,2132,Marymount Manhattan College,10613
1812,2133,Lawrence Technological University,10629
439,2134,LIU Post,10684
239,2135,Lasell College,10710
458,2136,American Musical and Dramatic Academy,10718
1376,2137,Berkeley College-Woodland Park,10731
2229,2138,Seattle University,10750
679,2139,Southern Methodist University,10777
1210,2140,The University of Tampa,10784
2060,2141,Concordia University-Portland,10851
362,2142,Pace University-New York,10869
99,2143,Colorado Technical University-Colorado Springs,10897
2052,2144,Gettysburg College,10930
1986,2145,Villanova University,10943
1485,2146,Creighton University,10953
509,2147,Alvernia University,10962
556,2148,Elon University,10977
856,2149,Santa Clara University,10990
1233,2150,Florida Institute of Technology,11011
2126,2151,Strayer University-Texas,11030
761,2152,DeVry University-Florida,11044
451,2153,Georgian Court University,11069
1499,2154,Wagner College,11102
382,2155,St John's University-New York,11117
119,2156,University of San Francisco,11127
265,2157,Robert Morris University Illinois,11154
1653,2158,Whittier College,11156
1005,2159,Pacific University,11181
1877,2160,Iona College,11215
8,2161,Jersey College,11323
448,2162,Felician University,11353
646,2163,Whitman College,11385
623,2164,Marquette University,11418
1800,2165,Sullivan University,11433
1543,2166,Biola University,11458
123,2167,University of the Pacific,11490
1596,2168,Loyola University Chicago,11662
1052,2169,Saint Joseph's University,11675
1987,2170,Providence College,11694
2132,2171,Los Angeles Film School,11695
1007,2172,Neumann University,11738
228,2173,University of Dubuque,11743
1885,2174,Thomas Edison State University,11775
1667,2175,Saint Mary's College of California,11797
1312,2176,Davenport University,11929
1931,2177,Catawba College,11990
138,2178,Sacred Heart University,12004
502,2179,Oklahoma Wesleyan University,12004
765,2180,Azusa Pacific University College,12008
1371,2181,Monmouth University,12060
45,2182,ICDC College,12061
1283,2183,University of New England,12070
1383,2184,Seton Hall University,12089
2123,2185,Independence University,12113
1174,2186,Bucknell University,12153
1637,2187,Point Loma Nazarene University,12173
2121,2188,Strayer University-Georgia,12224
849,2189,Mount Saint Mary's University,12262
1881,2190,Briarcliffe College,12375
1258,2191,ITT Technical Institute-Indianapolis,12387
1866,2192,Stevens Institute of Technology,12401
12,2193,DeVry University-California,12447
1645,2194,University of Denver,12457
28,2195,Rasmussen College-Illinois,12462
810,2196,California College of the Arts,12466
1997,2197,University of the Sciences,12469
812,2198,Chapman University,12512
1075,2199,Champlain College,12525
776,2200,Strayer University-Tennessee,12550
769,2201,Strayer University-Florida,12668
1338,2202,Loyola University Maryland,12669
1319,2203,College for Creative Studies,12676
1261,2204,Harrison College-Indianapolis,12677
1410,2205,Fordham University,12711
103,2206,Embry-Riddle Aeronautical University-Daytona Beach,12720
440,2207,LIU Brooklyn,12739
678,2208,Saint Edward's University,12774
767,2209,Strayer University-North Carolina,12795
1405,2210,Hobart William Smith Colleges,12847
1076,2211,Saint Michael's College,12895
1838,2212,Berkeley College-New York,13009
5,2213,Strayer University-South Carolina,13020
10,2214,New York Film Academy,13069
833,2215,Brookline College-Phoenix,13103
338,2216,Rasmussen College-Minnesota,13133
807,2217,Academy of Art University,13182
1758,2218,Bentley University,13233
15,2219,DeVry University-Texas,13283
39,2220,Embry-Riddle Aeronautical University-Prescott,13285
689,2221,Strayer University-Virginia,13363
750,2222,Strayer University-Maryland,13404
1635,2223,University of San Diego,13489
37,2224,Strayer University-Pennsylvania,13675
368,2225,The New School,13894
1026,2226,Belmont University,14090
1339,2227,Maryland Institute College of Art,14126
891,2228,Fairfield University,14149
13,2229,DeVry University-Illinois,14153
572,2230,Rhode Island School of Design,14203
125,2231,Loyola Marymount University,14254
1399,2232,Pratt Institute-Main,14333
106,2233,Lynn University,14378
1517,2234,Virginia College-Birmingham,14464
884,2235,Quinnipiac University,14537
538,2236,High Point University,14655
1988,2237,Bryant University,14672
2137,2238,Fairleigh Dickinson University-Florham Campus,14683
1321,2239,Northeastern University,14784
292,2240,Suffolk University,14797
1422,2241,Apex Technical School,14967
2260,2242,Everglades University,15035
1703,2243,School of the Art Institute of Chicago,15192
760,2244,DeVry College of New York,15232
287,2245,Emerson College,15714
1198,2246,Ringling College of Art and Design,15880
364,2247,New York Institute of Technology,16206
1227,2248,Savannah College of Art and Design,16375
771,2249,Chamberlain College of Nursing-Illinois,16402
1634,2250,Pepperdine University,16959
534,2251,School of Visual Arts,17036
698,2252,Middlebury College,17510
1656,2253,La Sierra University,17568
883,2254,American University,17704
6,2255,Strayer University-Global Region,18863
1762,2256,MCPHS University,19428
406,2257,Columbus College of Art and Design,20287
1760,2258,Babson College,20427
35,2259,West Coast University-Los Angeles,20704
1404,2260,LIM College,21053
828,2261,FIDM-Fashion Institute of Design & Merchandising-Los Angeles,21408
4,2262,West Coast University-Orange County,21935
2120,2263,West Coast University-Ontario,23543
1044,2264,National American University-Rapid City,24344
478,2265,Bates College,71372
